<?xml version="1.0" encoding="utf-8"?>
<plugin xmlns="gca5plugin">
	<author>

	</author>

	<language>VB</language>
	<output>ExportToFoundryVTT.dll</output>
		
	<source>ExportToFoundryVTT.vb</source>
	<source>AssemblyInfo.vb</source>

	<reference>System.dll</reference>
	<reference>System.Core.dll</reference>
	<reference>System.Drawing.dll</reference>
	<reference>System.Xml.dll</reference>
	<reference>System.Xml.Linq.dll</reference>
	<reference>System.Collections.dll</reference>

	<reference>Microsoft.VisualBasic.dll</reference>

	<reference>%app%\GCA5Engine.dll</reference>
	<reference>%app%\GCA5.Interfaces.dll</reference>

</plugin>
